Nr,Art,Wikidata,svWikipedia,Dynatax,Artportalen,Artfakta
1,Småsnäppa,Q27232,https://sv.wikipedia.org/wiki/Sm%C3%A5sn%C3%A4ppa,102615,https://artportalen.se/TodaysSightings/Observerad/Alla%20arter/102615,https://artfakta.se/artbestamning/taxon/102615
2,Kustsnäppa,Q27124,https://sv.wikipedia.org/wiki/Kustsn%C3%A4ppa,103065,https://artportalen.se/TodaysSightings/Observerad/Alla%20arter/103065,https://artfakta.se/artbestamning/taxon/103065
3,Skedstork,Q171360,https://sv.wikipedia.org/wiki/Skedstork,205503,https://artportalen.se/TodaysSightings/Observerad/Alla%20arter/205503,https://artfakta.se/artbestamning/taxon/205503
4,Havssula,Q26675,https://sv.wikipedia.org/wiki/Havssula,205487,https://artportalen.se/TodaysSightings/Observerad/Alla%20arter/205487,https://artfakta.se/artbestamning/taxon/205487
5,Röd glada,Q156250,https://sv.wikipedia.org/wiki/R%C3%B6d%20glada,100082,https://artportalen.se/TodaysSightings/Observerad/Alla%20arter/100082,https://artfakta.se/artbestamning/taxon/100082
6,Rostgumpsvala,Q27075446,https://sv.wikipedia.org/wiki/Rostgumpsvala,205748,https://artportalen.se/TodaysSightings/Observerad/Alla%20arter/205748,https://artfakta.se/artbestamning/taxon/205748
7,Orre,Q155878,https://sv.wikipedia.org/wiki/Orre,102613,https://artportalen.se/TodaysSightings/Observerad/Alla%20arter/102613,https://artfakta.se/artbestamning/taxon/102613
8,Lövsångare,Q27239,https://sv.wikipedia.org/wiki/L%C3%B6vs%C3%A5ngare,103014,https://artportalen.se/TodaysSightings/Observerad/Alla%20arter/103014,https://artfakta.se/artbestamning/taxon/103014
9,Sånglärka,Q25961,https://sv.wikipedia.org/wiki/S%C3%A5ngl%C3%A4rka,102979,https://artportalen.se/TodaysSightings/Observerad/Alla%20arter/102979,https://artfakta.se/artbestamning/taxon/102979
10,Svartvit flugsnappare,Q27442,https://sv.wikipedia.org/wiki/Svartvit%20flugsnappare,103018,https://artportalen.se/TodaysSightings/Observerad/Alla%20arter/103018,https://artfakta.se/artbestamning/taxon/103018
12,Blåhake,Q26578,https://sv.wikipedia.org/wiki/Bl%C3%A5hake,102624,https://artportalen.se/TodaysSightings/Observerad/Alla%20arter/102624,https://artfakta.se/artbestamning/taxon/102624
13,Bofink,Q25383,https://sv.wikipedia.org/wiki/Bofink,103040,https://artportalen.se/TodaysSightings/Observerad/Alla%20arter/103040,https://artfakta.se/artbestamning/taxon/103040
14,Forsärla,Q201316,https://sv.wikipedia.org/wiki/Fors%C3%A4rla,102986,https://artportalen.se/TodaysSightings/Observerad/Alla%20arter/102986,https://artfakta.se/artbestamning/taxon/102986
16,Nattskärra,Q26717,https://sv.wikipedia.org/wiki/Nattsk%C3%A4rra,102118,https://artportalen.se/TodaysSightings/Observerad/Alla%20arter/102118,https://artfakta.se/artbestamning/taxon/102118
17,Lundsångare,Q460229,https://sv.wikipedia.org/wiki/Lunds%C3%A5ngare,100108,https://artportalen.se/TodaysSightings/Observerad/Alla%20arter/100108,https://artfakta.se/artbestamning/taxon/100108
18,Tajgasångare,Q330318,https://sv.wikipedia.org/wiki/Tajgas%C3%A5ngare,205835,https://artportalen.se/TodaysSightings/Observerad/Alla%20arter/205835,https://artfakta.se/artbestamning/taxon/205835
19,Kungsfågelsångare,Q752513,https://sv.wikipedia.org/wiki/Kungsf%C3%A5gels%C3%A5ngare,205834,https://artportalen.se/TodaysSightings/Observerad/Alla%20arter/205834,https://artfakta.se/artbestamning/taxon/205834
20,Tereksnäppa,Q18856,https://sv.wikipedia.org/wiki/Tereksn%C3%A4ppa,205641,https://artportalen.se/TodaysSightings/Observerad/Alla%20arter/205641,https://artfakta.se/artbestamning/taxon/205641
21,Tordmule,Q27102,https://sv.wikipedia.org/wiki/Tordmule,102969,https://artportalen.se/TodaysSightings/Observerad/Alla%20arter/102969,https://artfakta.se/artbestamning/taxon/102969
22,Härmsångare,Q27674,https://sv.wikipedia.org/wiki/H%C3%A4rms%C3%A5ngare,103007,https://artportalen.se/TodaysSightings/Observerad/Alla%20arter/103007,https://artfakta.se/artbestamning/taxon/103007
23,Sothöna,Q25376,https://sv.wikipedia.org/wiki/Soth%C3%B6na,102949,https://artportalen.se/TodaysSightings/Observerad/Alla%20arter/102949,https://artfakta.se/artbestamning/taxon/102949
24,Gulärla,Q25984,https://sv.wikipedia.org/wiki/Gul%C3%A4rla,205761,https://artportalen.se/TodaysSightings/Observerad/Alla%20arter/205761,https://artfakta.se/artbestamning/taxon/205761
25,Rödstjärt,Q26620,https://sv.wikipedia.org/wiki/R%C3%B6dstj%C3%A4rt,102994,https://artportalen.se/TodaysSightings/Observerad/Alla%20arter/102994,https://artfakta.se/artbestamning/taxon/102994
26,Sibirisk tundrapipare,Q18865,https://sv.wikipedia.org/wiki/Sibirisk%20tundrapipare,205600,https://artportalen.se/TodaysSightings/Observerad/Alla%20arter/205600,https://artfakta.se/artbestamning/taxon/205600
27,Videsångare,Q809446,https://sv.wikipedia.org/wiki/Vides%C3%A5ngare,205837,https://artportalen.se/TodaysSightings/Observerad/Alla%20arter/205837,https://artfakta.se/artbestamning/taxon/205837
28,Sädgås,Q26452,https://sv.wikipedia.org/wiki/S%C3%A4dg%C3%A5s,100009,https://artportalen.se/TodaysSightings/Observerad/Alla%20arter/100009,https://artfakta.se/artbestamning/taxon/100009
29,Steglits,Q25418,https://sv.wikipedia.org/wiki/Steglits,103043,https://artportalen.se/TodaysSightings/Observerad/Alla%20arter/103043,https://artfakta.se/artbestamning/taxon/103043
30,Fjällripa,Q205930,https://sv.wikipedia.org/wiki/Fj%C3%A4llripa,102945,https://artportalen.se/TodaysSightings/Observerad/Alla%20arter/102945,https://artfakta.se/artbestamning/taxon/102945
31,Prutgås,Q27050,https://sv.wikipedia.org/wiki/Prutg%C3%A5s,103059,https://artportalen.se/TodaysSightings/Observerad/Alla%20arter/103059,https://artfakta.se/artbestamning/taxon/103059
32,Bergtajgasångare,Q608313,https://sv.wikipedia.org/wiki/Bergtajgas%C3%A5ngare,205836,https://artportalen.se/TodaysSightings/Observerad/Alla%20arter/205836,https://artfakta.se/artbestamning/taxon/205836
33,Höksångare,Q215214,https://sv.wikipedia.org/wiki/H%C3%B6ks%C3%A5ngare,102123,https://artportalen.se/TodaysSightings/Observerad/Alla%20arter/102123,https://artfakta.se/artbestamning/taxon/102123
34,Tärnmås,Q212047,https://sv.wikipedia.org/wiki/T%C3%A4rnm%C3%A5s,205656,https://artportalen.se/TodaysSightings/Observerad/Alla%20arter/205656,https://artfakta.se/artbestamning/taxon/205656
35,Större strandpipare,Q26816,https://sv.wikipedia.org/wiki/St%C3%B6rre%20strandpipare,102951,https://artportalen.se/TodaysSightings/Observerad/Alla%20arter/102951,https://artfakta.se/artbestamning/taxon/102951
36,Fjällpipare,Q202504,https://sv.wikipedia.org/wiki/Fj%C3%A4llpipare,102111,https://artportalen.se/TodaysSightings/Observerad/Alla%20arter/102111,https://artfakta.se/artbestamning/taxon/102111
37,Brun glada,Q80362,https://sv.wikipedia.org/wiki/Brun%20glada,103060,https://artportalen.se/TodaysSightings/Observerad/Alla%20arter/103060,https://artfakta.se/artbestamning/taxon/103060
38,Vitnackad svärta,Q742468,https://sv.wikipedia.org/wiki/Vitnackad%20sv%C3%A4rta,233789,https://artportalen.se/TodaysSightings/Observerad/Alla%20arter/233789,https://artfakta.se/artbestamning/taxon/233789
39,Nordsångare,Q720497,https://sv.wikipedia.org/wiki/Nords%C3%A5ngare,100107,https://artportalen.se/TodaysSightings/Observerad/Alla%20arter/100107,https://artfakta.se/artbestamning/taxon/100107
40,Nötväcka,Q156767,https://sv.wikipedia.org/wiki/N%C3%B6tv%C3%A4cka,103027,https://artportalen.se/TodaysSightings/Observerad/Alla%20arter/103027,https://artfakta.se/artbestamning/taxon/103027
41,Lappsparv,Q208703,https://sv.wikipedia.org/wiki/Lappsparv,103053,https://artportalen.se/TodaysSightings/Observerad/Alla%20arter/103053,https://artfakta.se/artbestamning/taxon/103053
42,Sävsparv,Q26961,https://sv.wikipedia.org/wiki/S%C3%A4vsparv,103057,https://artportalen.se/TodaysSightings/Observerad/Alla%20arter/103057,https://artfakta.se/artbestamning/taxon/103057
43,Skärsnäppa,Q62359,https://sv.wikipedia.org/wiki/Sk%C3%A4rsn%C3%A4ppa,102113,https://artportalen.se/TodaysSightings/Observerad/Alla%20arter/102113,https://artfakta.se/artbestamning/taxon/102113
44,Myrsnäppa,Q28114227,https://sv.wikipedia.org/wiki/Myrsn%C3%A4ppa,102114,https://artportalen.se/TodaysSightings/Observerad/Alla%20arter/102114,https://artfakta.se/artbestamning/taxon/102114
46,Fiskmås,Q26427,https://sv.wikipedia.org/wiki/Fiskm%C3%A5s,102964,https://artportalen.se/TodaysSightings/Observerad/Alla%20arter/102964,https://artfakta.se/artbestamning/taxon/102964
47,Brandkronad kungsfågel,Q27471,https://sv.wikipedia.org/wiki/Brandkronad%20kungsf%C3%A5gel,103016,https://artportalen.se/TodaysSightings/Observerad/Alla%20arter/103016,https://artfakta.se/artbestamning/taxon/103016
48,Sparvhök,Q25380,https://sv.wikipedia.org/wiki/Sparvh%C3%B6k,102941,https://artportalen.se/TodaysSightings/Observerad/Alla%20arter/102941,https://artfakta.se/artbestamning/taxon/102941
49,Rörsångare,Q159080,https://sv.wikipedia.org/wiki/R%C3%B6rs%C3%A5ngare,103006,https://artportalen.se/TodaysSightings/Observerad/Alla%20arter/103006,https://artfakta.se/artbestamning/taxon/103006
50,Ärtsångare,Q206089,https://sv.wikipedia.org/wiki/%C3%84rts%C3%A5ngare,103008,https://artportalen.se/TodaysSightings/Observerad/Alla%20arter/103008,https://artfakta.se/artbestamning/taxon/103008
51,Silltrut,Q27160,https://sv.wikipedia.org/wiki/Silltrut,205660,https://artportalen.se/TodaysSightings/Observerad/Alla%20arter/205660,https://artfakta.se/artbestamning/taxon/205660
52,Nötkråka,Q184820,https://sv.wikipedia.org/wiki/N%C3%B6tkr%C3%A5ka,100090,https://artportalen.se/TodaysSightings/Observerad/Alla%20arter/100090,https://artfakta.se/artbestamning/taxon/100090
53,Skrattmås,Q25634,https://sv.wikipedia.org/wiki/Skrattm%C3%A5s,102963,https://artportalen.se/TodaysSightings/Observerad/Alla%20arter/102963,https://artfakta.se/artbestamning/taxon/102963
54,Vigg,Q26444,https://sv.wikipedia.org/wiki/Vigg,102934,https://artportalen.se/TodaysSightings/Observerad/Alla%20arter/102934,https://artfakta.se/artbestamning/taxon/102934
55,Tretåig mås,Q26612,https://sv.wikipedia.org/wiki/Tret%C3%A5ig%20m%C3%A5s,100125,https://artportalen.se/TodaysSightings/Observerad/Alla%20arter/100125,https://artfakta.se/artbestamning/taxon/100125
56,Tornseglare,Q25377,https://sv.wikipedia.org/wiki/Tornseglare,102976,https://artportalen.se/TodaysSightings/Observerad/Alla%20arter/102976,https://artfakta.se/artbestamning/taxon/102976
57,Kråka,Q25405,https://sv.wikipedia.org/wiki/Kr%C3%A5ka,103035,https://artportalen.se/TodaysSightings/Observerad/Alla%20arter/103035,https://artfakta.se/artbestamning/taxon/103035
58,Backsvala,Q25909,https://sv.wikipedia.org/wiki/Backsvala,100124,https://artportalen.se/TodaysSightings/Observerad/Alla%20arter/100124,https://artfakta.se/artbestamning/taxon/100124
59,Lappuggla,Q200724,https://sv.wikipedia.org/wiki/Lappuggla,100136,https://artportalen.se/TodaysSightings/Observerad/Alla%20arter/100136,https://artfakta.se/artbestamning/taxon/100136
60,Småskrake,Q189609,https://sv.wikipedia.org/wiki/Sm%C3%A5skrake,102939,https://artportalen.se/TodaysSightings/Observerad/Alla%20arter/102939,https://artfakta.se/artbestamning/taxon/102939
61,Snögås,Q27074540,https://sv.wikipedia.org/wiki/Sn%C3%B6g%C3%A5s,233778,https://artportalen.se/TodaysSightings/Observerad/Alla%20arter/233778,https://artfakta.se/artbestamning/taxon/233778
62,Trana,Q4764,https://sv.wikipedia.org/wiki/Trana,100065,https://artportalen.se/TodaysSightings/Observerad/Alla%20arter/100065,https://artfakta.se/artbestamning/taxon/100065
63,Rödbena,Q18859,https://sv.wikipedia.org/wiki/R%C3%B6dbena,102958,https://artportalen.se/TodaysSightings/Observerad/Alla%20arter/102958,https://artfakta.se/artbestamning/taxon/102958
64,Pärluggla,Q174466,https://sv.wikipedia.org/wiki/P%C3%A4rluggla,102622,https://artportalen.se/TodaysSightings/Observerad/Alla%20arter/102622,https://artfakta.se/artbestamning/taxon/102622
65,Ängshök,Q26574,https://sv.wikipedia.org/wiki/%C3%84ngsh%C3%B6k,100035,https://artportalen.se/TodaysSightings/Observerad/Alla%20arter/100035,https://artfakta.se/artbestamning/taxon/100035
66,Ejder,Q26696,https://sv.wikipedia.org/wiki/Ejder,102935,https://artportalen.se/TodaysSightings/Observerad/Alla%20arter/102935,https://artfakta.se/artbestamning/taxon/102935
67,Småtärna,Q27074663,https://sv.wikipedia.org/wiki/Sm%C3%A5t%C3%A4rna,100133,https://artportalen.se/TodaysSightings/Observerad/Alla%20arter/100133,https://artfakta.se/artbestamning/taxon/100133
68,Jaktfalk,Q177688,https://sv.wikipedia.org/wiki/Jaktfalk,100055,https://artportalen.se/TodaysSightings/Observerad/Alla%20arter/100055,https://artfakta.se/artbestamning/taxon/100055
69,Bivråk,Q170466,https://sv.wikipedia.org/wiki/Bivr%C3%A5k,100100,https://artportalen.se/TodaysSightings/Observerad/Alla%20arter/100100,https://artfakta.se/artbestamning/taxon/100100
70,Sommargylling,Q25388,https://sv.wikipedia.org/wiki/Sommargylling,100094,https://artportalen.se/TodaysSightings/Observerad/Alla%20arter/100094,https://artfakta.se/artbestamning/taxon/100094
71,Kricka,Q25700,https://sv.wikipedia.org/wiki/Kricka,102932,https://artportalen.se/TodaysSightings/Observerad/Alla%20arter/102932,https://artfakta.se/artbestamning/taxon/102932
72,Gråtrut,Q28236,https://sv.wikipedia.org/wiki/Gr%C3%A5trut,102966,https://artportalen.se/TodaysSightings/Observerad/Alla%20arter/102966,https://artfakta.se/artbestamning/taxon/102966
73,Brunand,Q26742,https://sv.wikipedia.org/wiki/Brunand,102107,https://artportalen.se/TodaysSightings/Observerad/Alla%20arter/102107,https://artfakta.se/artbestamning/taxon/102107
74,Vassångare,Q321272,https://sv.wikipedia.org/wiki/Vass%C3%A5ngare,103076,https://artportalen.se/TodaysSightings/Observerad/Alla%20arter/103076,https://artfakta.se/artbestamning/taxon/103076
75,Svarthakedopping,Q192058,https://sv.wikipedia.org/wiki/Svarthakedopping,100113,https://artportalen.se/TodaysSightings/Observerad/Alla%20arter/100113,https://artfakta.se/artbestamning/taxon/100113
76,Skäggdopping,Q25422,https://sv.wikipedia.org/wiki/Sk%C3%A4ggdopping,102925,https://artportalen.se/TodaysSightings/Observerad/Alla%20arter/102925,https://artfakta.se/artbestamning/taxon/102925
77,Gråhakedopping,Q179919,https://sv.wikipedia.org/wiki/Gr%C3%A5hakedopping,100114,https://artportalen.se/TodaysSightings/Observerad/Alla%20arter/100114,https://artfakta.se/artbestamning/taxon/100114
78,Smådopping,Q25421,https://sv.wikipedia.org/wiki/Sm%C3%A5dopping,102104,https://artportalen.se/TodaysSightings/Observerad/Alla%20arter/102104,https://artfakta.se/artbestamning/taxon/102104
79,Storspov,Q18854,https://sv.wikipedia.org/wiki/Storspov,100091,https://artportalen.se/TodaysSightings/Observerad/Alla%20arter/100091,https://artfakta.se/artbestamning/taxon/100091
80,Strandskata,Q25928,https://sv.wikipedia.org/wiki/Strandskata,102950,https://artportalen.se/TodaysSightings/Observerad/Alla%20arter/102950,https://artfakta.se/artbestamning/taxon/102950
81,Ortolansparv,Q206630,https://sv.wikipedia.org/wiki/Ortolansparv,102126,https://artportalen.se/TodaysSightings/Observerad/Alla%20arter/102126,https://artfakta.se/artbestamning/taxon/102126
82,Pungmes,Q273067,https://sv.wikipedia.org/wiki/Pungmes,100123,https://artportalen.se/TodaysSightings/Observerad/Alla%20arter/100123,https://artfakta.se/artbestamning/taxon/100123
83,Stenfalk,Q131918,https://sv.wikipedia.org/wiki/Stenfalk,102611,https://artportalen.se/TodaysSightings/Observerad/Alla%20arter/102611,https://artfakta.se/artbestamning/taxon/102611
84,Kornsparv,Q27220,https://sv.wikipedia.org/wiki/Kornsparv,100081,https://artportalen.se/TodaysSightings/Observerad/Alla%20arter/100081,https://artfakta.se/artbestamning/taxon/100081
85,Gulsparv,Q26205,https://sv.wikipedia.org/wiki/Gulsparv,103055,https://artportalen.se/TodaysSightings/Observerad/Alla%20arter/103055,https://artfakta.se/artbestamning/taxon/103055
86,Rördrom,Q25709,https://sv.wikipedia.org/wiki/R%C3%B6rdrom,100018,https://artportalen.se/TodaysSightings/Observerad/Alla%20arter/100018,https://artfakta.se/artbestamning/taxon/100018
87,Gulhämpling,Q271807,https://sv.wikipedia.org/wiki/Gulh%C3%A4mpling,100129,https://artportalen.se/TodaysSightings/Observerad/Alla%20arter/100129,https://artfakta.se/artbestamning/taxon/100129
88,Havstrut,Q26629,https://sv.wikipedia.org/wiki/Havstrut,102967,https://artportalen.se/TodaysSightings/Observerad/Alla%20arter/102967,https://artfakta.se/artbestamning/taxon/102967
89,Videsparv,Q286809,https://sv.wikipedia.org/wiki/Videsparv,103056,https://artportalen.se/TodaysSightings/Observerad/Alla%20arter/103056,https://artfakta.se/artbestamning/taxon/103056
90,Tallbit,Q214571,https://sv.wikipedia.org/wiki/Tallbit,102125,https://artportalen.se/TodaysSightings/Observerad/Alla%20arter/102125,https://artfakta.se/artbestamning/taxon/102125
91,Grönsångare,Q27075477,https://sv.wikipedia.org/wiki/Gr%C3%B6ns%C3%A5ngare,103012,https://artportalen.se/TodaysSightings/Observerad/Alla%20arter/103012,https://artfakta.se/artbestamning/taxon/103012
92,Slaguggla,Q190083,https://sv.wikipedia.org/wiki/Slaguggla,100137,https://artportalen.se/TodaysSightings/Observerad/Alla%20arter/100137,https://artfakta.se/artbestamning/taxon/100137
93,Svartsnäppa,Q28103,https://sv.wikipedia.org/wiki/Svartsn%C3%A4ppa,102957,https://artportalen.se/TodaysSightings/Observerad/Alla%20arter/102957,https://artfakta.se/artbestamning/taxon/102957
94,Entita,Q207838,https://sv.wikipedia.org/wiki/Entita,103020,https://artportalen.se/TodaysSightings/Observerad/Alla%20arter/103020,https://artfakta.se/artbestamning/taxon/103020
95,Talltita,Q215211,https://sv.wikipedia.org/wiki/Talltita,103021,https://artportalen.se/TodaysSightings/Observerad/Alla%20arter/103021,https://artfakta.se/artbestamning/taxon/103021
96,Järpe,Q182761,https://sv.wikipedia.org/wiki/J%C3%A4rpe,102612,https://artportalen.se/TodaysSightings/Observerad/Alla%20arter/102612,https://artfakta.se/artbestamning/taxon/102612
97,Tofsvipa,Q25392,https://sv.wikipedia.org/wiki/Tofsvipa,102952,https://artportalen.se/TodaysSightings/Observerad/Alla%20arter/102952,https://artfakta.se/artbestamning/taxon/102952
98,Sångsvan,Q25612,https://sv.wikipedia.org/wiki/S%C3%A5ngsvan,100045,https://artportalen.se/TodaysSightings/Observerad/Alla%20arter/100045,https://artfakta.se/artbestamning/taxon/100045
99,Toppskarv,Q115452,https://sv.wikipedia.org/wiki/Toppskarv,205489,https://artportalen.se/TodaysSightings/Observerad/Alla%20arter/205489,https://artfakta.se/artbestamning/taxon/205489
100,Vit stork,Q25352,https://sv.wikipedia.org/wiki/Vit%20stork,100031,https://artportalen.se/TodaysSightings/Observerad/Alla%20arter/100031,https://artfakta.se/artbestamning/taxon/100031
101,Björktrast,Q25777,https://sv.wikipedia.org/wiki/Bj%C3%B6rktrast,102999,https://artportalen.se/TodaysSightings/Observerad/Alla%20arter/102999,https://artfakta.se/artbestamning/taxon/102999
102,Skäggmes,Q192817,https://sv.wikipedia.org/wiki/Sk%C3%A4ggmes,100097,https://artportalen.se/TodaysSightings/Observerad/Alla%20arter/100097,https://artfakta.se/artbestamning/taxon/100097
103,Dvärgsparv,Q216855,https://sv.wikipedia.org/wiki/Dv%C3%A4rgsparv,100050,https://artportalen.se/TodaysSightings/Observerad/Alla%20arter/100050,https://artfakta.se/artbestamning/taxon/100050
104,Berguv,Q130933,https://sv.wikipedia.org/wiki/Berguv,100020,https://artportalen.se/TodaysSightings/Observerad/Alla%20arter/100020,https://artfakta.se/artbestamning/taxon/100020
105,Halsbandsflugsnappare,Q690826,https://sv.wikipedia.org/wiki/Halsbandsflugsnappare,102625,https://artportalen.se/TodaysSightings/Observerad/Alla%20arter/102625,https://artfakta.se/artbestamning/taxon/102625
106,Rödvingetrast,Q184825,https://sv.wikipedia.org/wiki/R%C3%B6dvingetrast,103001,https://artportalen.se/TodaysSightings/Observerad/Alla%20arter/103001,https://artfakta.se/artbestamning/taxon/103001
107,Kornknarr,Q26017,https://sv.wikipedia.org/wiki/Kornknarr,100044,https://artportalen.se/TodaysSightings/Observerad/Alla%20arter/100044,https://artfakta.se/artbestamning/taxon/100044
108,Jorduggla,Q25769,https://sv.wikipedia.org/wiki/Jorduggla,102117,https://artportalen.se/TodaysSightings/Observerad/Alla%20arter/102117,https://artfakta.se/artbestamning/taxon/102117
109,Dubbelbeckasin,Q27171,https://sv.wikipedia.org/wiki/Dubbelbeckasin,100061,https://artportalen.se/TodaysSightings/Observerad/Alla%20arter/100061,https://artfakta.se/artbestamning/taxon/100061
110,Smålom,Q26691,https://sv.wikipedia.org/wiki/Sm%C3%A5lom,100063,https://artportalen.se/TodaysSightings/Observerad/Alla%20arter/100063,https://artfakta.se/artbestamning/taxon/100063
111,Rödspov,Q18841,https://sv.wikipedia.org/wiki/R%C3%B6dspov,100076,https://artportalen.se/TodaysSightings/Observerad/Alla%20arter/100076,https://artfakta.se/artbestamning/taxon/100076
112,Gröngöling,Q166171,https://sv.wikipedia.org/wiki/Gr%C3%B6ng%C3%B6ling,102977,https://artportalen.se/TodaysSightings/Observerad/Alla%20arter/102977,https://artfakta.se/artbestamning/taxon/102977
113,Havsörn,Q25438,https://sv.wikipedia.org/wiki/Havs%C3%B6rn,100067,https://artportalen.se/TodaysSightings/Observerad/Alla%20arter/100067,https://artfakta.se/artbestamning/taxon/100067
115,Lappmes,Q574447,https://sv.wikipedia.org/wiki/Lappmes,103022,https://artportalen.se/TodaysSightings/Observerad/Alla%20arter/103022,https://artfakta.se/artbestamning/taxon/103022
116,Ängspiplärka,Q26956,https://sv.wikipedia.org/wiki/%C3%84ngspipl%C3%A4rka,102983,https://artportalen.se/TodaysSightings/Observerad/Alla%20arter/102983,https://artfakta.se/artbestamning/taxon/102983
117,Skogssnäppa,Q28450,https://sv.wikipedia.org/wiki/Skogssn%C3%A4ppa,102960,https://artportalen.se/TodaysSightings/Observerad/Alla%20arter/102960,https://artfakta.se/artbestamning/taxon/102960
118,Storlabb,Q207760,https://sv.wikipedia.org/wiki/Storlabb,205651,https://artportalen.se/TodaysSightings/Observerad/Alla%20arter/205651,https://artfakta.se/artbestamning/taxon/205651
119,Snatterand,Q25889,https://sv.wikipedia.org/wiki/Snatterand,102105,https://artportalen.se/TodaysSightings/Observerad/Alla%20arter/102105,https://artfakta.se/artbestamning/taxon/102105
120,Gravand,Q25761,https://sv.wikipedia.org/wiki/Gravand,102930,https://artportalen.se/TodaysSightings/Observerad/Alla%20arter/102930,https://artfakta.se/artbestamning/taxon/102930
121,Knipa,Q29865,https://sv.wikipedia.org/wiki/Knipa,102937,https://artportalen.se/TodaysSightings/Observerad/Alla%20arter/102937,https://artfakta.se/artbestamning/taxon/102937
122,Svärta,Q201300,https://sv.wikipedia.org/wiki/Sv%C3%A4rta,102109,https://artportalen.se/TodaysSightings/Observerad/Alla%20arter/102109,https://artfakta.se/artbestamning/taxon/102109
123,Sjöorre,Q27434,https://sv.wikipedia.org/wiki/Sj%C3%B6orre,102936,https://artportalen.se/TodaysSightings/Observerad/Alla%20arter/102936,https://artfakta.se/artbestamning/taxon/102936
124,Svarttärna,Q27215,https://sv.wikipedia.org/wiki/Svartt%C3%A4rna,100030,https://artportalen.se/TodaysSightings/Observerad/Alla%20arter/100030,https://artfakta.se/artbestamning/taxon/100030
125,Svartbent strandpipare,Q18855,https://sv.wikipedia.org/wiki/Svartbent%20strandpipare,100027,https://artportalen.se/TodaysSightings/Observerad/Alla%20arter/100027,https://artfakta.se/artbestamning/taxon/100027
126,Tobisgrissla,Q212055,https://sv.wikipedia.org/wiki/Tobisgrissla,102116,https://artportalen.se/TodaysSightings/Observerad/Alla%20arter/102116,https://artfakta.se/artbestamning/taxon/102116
127,Rosenfink,Q46143,https://sv.wikipedia.org/wiki/Rosenfink,103051,https://artportalen.se/TodaysSightings/Observerad/Alla%20arter/103051,https://artfakta.se/artbestamning/taxon/103051
128,Brushane,Q28122714,https://sv.wikipedia.org/wiki/Brushane,100103,https://artportalen.se/TodaysSightings/Observerad/Alla%20arter/100103,https://artfakta.se/artbestamning/taxon/100103
129,Fjällvråk,Q26407,https://sv.wikipedia.org/wiki/Fj%C3%A4llvr%C3%A5k,102110,https://artportalen.se/TodaysSightings/Observerad/Alla%20arter/102110,https://artfakta.se/artbestamning/taxon/102110
130,Bergand,Q26635,https://sv.wikipedia.org/wiki/Bergand,100014,https://artportalen.se/TodaysSightings/Observerad/Alla%20arter/100014,https://artfakta.se/artbestamning/taxon/100014
131,Hornuggla,Q25384,https://sv.wikipedia.org/wiki/Hornuggla,102975,https://artportalen.se/TodaysSightings/Observerad/Alla%20arter/102975,https://artfakta.se/artbestamning/taxon/102975
132,Roskarl,Q26892,https://sv.wikipedia.org/wiki/Roskarl,102115,https://artportalen.se/TodaysSightings/Observerad/Alla%20arter/102115,https://artfakta.se/artbestamning/taxon/102115
133,Kungsörn,Q41181,https://sv.wikipedia.org/wiki/Kungs%C3%B6rn,100011,https://artportalen.se/TodaysSightings/Observerad/Alla%20arter/100011,https://artfakta.se/artbestamning/taxon/100011
134,Rödstrupig piplärka,Q241347,https://sv.wikipedia.org/wiki/R%C3%B6dstrupig%20pipl%C3%A4rka,102120,https://artportalen.se/TodaysSightings/Observerad/Alla%20arter/102120,https://artfakta.se/artbestamning/taxon/102120
135,Fältpiplärka,Q27226,https://sv.wikipedia.org/wiki/F%C3%A4ltpipl%C3%A4rka,100010,https://artportalen.se/TodaysSightings/Observerad/Alla%20arter/100010,https://artfakta.se/artbestamning/taxon/100010
136,Fjällgås,Q191628,https://sv.wikipedia.org/wiki/Fj%C3%A4llg%C3%A5s,100008,https://artportalen.se/TodaysSightings/Observerad/Alla%20arter/100008,https://artfakta.se/artbestamning/taxon/100008
137,Årta,Q25644,https://sv.wikipedia.org/wiki/%C3%85rta,100007,https://artportalen.se/TodaysSightings/Observerad/Alla%20arter/100007,https://artfakta.se/artbestamning/taxon/100007
139,Stjärtand,Q25450,https://sv.wikipedia.org/wiki/Stj%C3%A4rtand,100006,https://artportalen.se/TodaysSightings/Observerad/Alla%20arter/100006,https://artfakta.se/artbestamning/taxon/100006
140,Kungsfiskare,Q79915,https://sv.wikipedia.org/wiki/Kungsfiskare,100004,https://artportalen.se/TodaysSightings/Observerad/Alla%20arter/100004,https://artfakta.se/artbestamning/taxon/100004
141,Drillsnäppa,Q18850,https://sv.wikipedia.org/wiki/Drillsn%C3%A4ppa,102961,https://artportalen.se/TodaysSightings/Observerad/Alla%20arter/102961,https://artfakta.se/artbestamning/taxon/102961
142,Trastsångare,Q180835,https://sv.wikipedia.org/wiki/Trasts%C3%A5ngare,100003,https://artportalen.se/TodaysSightings/Observerad/Alla%20arter/100003,https://artfakta.se/artbestamning/taxon/100003
143,Busksångare,Q312779,https://sv.wikipedia.org/wiki/Busks%C3%A5ngare,103077,https://artportalen.se/TodaysSightings/Observerad/Alla%20arter/103077,https://artfakta.se/artbestamning/taxon/103077
144,Duvhök,Q25353,https://sv.wikipedia.org/wiki/Duvh%C3%B6k,100001,https://artportalen.se/TodaysSightings/Observerad/Alla%20arter/100001,https://artfakta.se/artbestamning/taxon/100001
145,Blåmes,Q25404,https://sv.wikipedia.org/wiki/Bl%C3%A5mes,103025,https://artportalen.se/TodaysSightings/Observerad/Alla%20arter/103025,https://artfakta.se/artbestamning/taxon/103025
146,Kattuggla,Q25756,https://sv.wikipedia.org/wiki/Kattuggla,102974,https://artportalen.se/TodaysSightings/Observerad/Alla%20arter/102974,https://artfakta.se/artbestamning/taxon/102974
147,Tallsparv,Q221423,https://sv.wikipedia.org/wiki/Tallsparv,233809,https://artportalen.se/TodaysSightings/Observerad/Alla%20arter/233809,https://artfakta.se/artbestamning/taxon/233809
148,Amerikansk bläsand,Q703790,https://sv.wikipedia.org/wiki/Amerikansk%20bl%C3%A4sand,233782,https://artportalen.se/TodaysSightings/Observerad/Alla%20arter/233782,https://artfakta.se/artbestamning/taxon/233782
149,Ringand,Q601055,https://sv.wikipedia.org/wiki/Ringand,233785,https://artportalen.se/TodaysSightings/Observerad/Alla%20arter/233785,https://artfakta.se/artbestamning/taxon/233785
150,Vitögd dykand,Q191723,https://sv.wikipedia.org/wiki/Vit%C3%B6gd%20dykand,233140,https://artportalen.se/TodaysSightings/Observerad/Alla%20arter/233140,https://artfakta.se/artbestamning/taxon/233140
151,Praktejder,Q207846,https://sv.wikipedia.org/wiki/Praktejder,232271,https://artportalen.se/TodaysSightings/Observerad/Alla%20arter/232271,https://artfakta.se/artbestamning/taxon/232271
152,Alförrädare,Q210954,https://sv.wikipedia.org/wiki/Alf%C3%B6rr%C3%A4dare,232270,https://artportalen.se/TodaysSightings/Observerad/Alla%20arter/232270,https://artfakta.se/artbestamning/taxon/232270
153,Vitkindad gås,Q26680,https://sv.wikipedia.org/wiki/Vitkindad%20g%C3%A5s,100019,https://artportalen.se/TodaysSightings/Observerad/Alla%20arter/100019,https://artfakta.se/artbestamning/taxon/100019
154,Rödhalsad gås,Q187852,https://sv.wikipedia.org/wiki/R%C3%B6dhalsad%20g%C3%A5s,232269,https://artportalen.se/TodaysSightings/Observerad/Alla%20arter/232269,https://artfakta.se/artbestamning/taxon/232269
155,Medelhavstrut,Q704982,https://sv.wikipedia.org/wiki/Medelhavstrut,205663,https://artportalen.se/TodaysSightings/Observerad/Alla%20arter/205663,https://artfakta.se/artbestamning/taxon/205663
156,Kaspisk trut,Q389505,https://sv.wikipedia.org/wiki/Kaspisk%20trut,205662,https://artportalen.se/TodaysSightings/Observerad/Alla%20arter/205662,https://artfakta.se/artbestamning/taxon/205662
157,Rapphöna,Q26106,https://sv.wikipedia.org/wiki/Rapph%C3%B6na,100099,https://artportalen.se/TodaysSightings/Observerad/Alla%20arter/100099,https://artfakta.se/artbestamning/taxon/100099
158,Mindre sångsvan,Q26603,https://sv.wikipedia.org/wiki/Mindre%20s%C3%A5ngsvan,102610,https://artportalen.se/TodaysSightings/Observerad/Alla%20arter/102610,https://artfakta.se/artbestamning/taxon/102610
159,Salskrake,Q200646,https://sv.wikipedia.org/wiki/Salskrake,100079,https://artportalen.se/TodaysSightings/Observerad/Alla%20arter/100079,https://artfakta.se/artbestamning/taxon/100079
161,Korp,Q25357,https://sv.wikipedia.org/wiki/Korp,103036,https://artportalen.se/TodaysSightings/Observerad/Alla%20arter/103036,https://artfakta.se/artbestamning/taxon/103036
162,Bredstjärtad labb,Q212767,https://sv.wikipedia.org/wiki/Bredstj%C3%A4rtad%20labb,205648,https://artportalen.se/TodaysSightings/Observerad/Alla%20arter/205648,https://artfakta.se/artbestamning/taxon/205648
163,Svartmes,Q191096,https://sv.wikipedia.org/wiki/Svartmes,103024,https://artportalen.se/TodaysSightings/Observerad/Alla%20arter/103024,https://artfakta.se/artbestamning/taxon/103024
164,Dammsnäppa,Q28355,https://sv.wikipedia.org/wiki/Dammsn%C3%A4ppa,103066,https://artportalen.se/TodaysSightings/Observerad/Alla%20arter/103066,https://artfakta.se/artbestamning/taxon/103066
165,Talgoxe,Q25485,https://sv.wikipedia.org/wiki/Talgoxe,103026,https://artportalen.se/TodaysSightings/Observerad/Alla%20arter/103026,https://artfakta.se/artbestamning/taxon/103026
166,Svarthätta,Q188446,https://sv.wikipedia.org/wiki/Svarth%C3%A4tta,103011,https://artportalen.se/TodaysSightings/Observerad/Alla%20arter/103011,https://artfakta.se/artbestamning/taxon/103011
167,Spetsbergsgås,Q209419,https://sv.wikipedia.org/wiki/Spetsbergsg%C3%A5s,232268,https://artportalen.se/TodaysSightings/Observerad/Alla%20arter/232268,https://artfakta.se/artbestamning/taxon/232268
168,Pilfink,Q25968,https://sv.wikipedia.org/wiki/Pilfink,103039,https://artportalen.se/TodaysSightings/Observerad/Alla%20arter/103039,https://artfakta.se/artbestamning/taxon/103039
169,Gråsparv,Q14683,https://sv.wikipedia.org/wiki/Gr%C3%A5sparv,103038,https://artportalen.se/TodaysSightings/Observerad/Alla%20arter/103038,https://artfakta.se/artbestamning/taxon/103038
170,Sädesärla,Q25399,https://sv.wikipedia.org/wiki/S%C3%A4des%C3%A4rla,102987,https://artportalen.se/TodaysSightings/Observerad/Alla%20arter/102987,https://artfakta.se/artbestamning/taxon/102987
171,Domherre,Q25382,https://sv.wikipedia.org/wiki/Domherre,103052,https://artportalen.se/TodaysSightings/Observerad/Alla%20arter/103052,https://artfakta.se/artbestamning/taxon/103052
172,Lärkfalk,Q25876,https://sv.wikipedia.org/wiki/L%C3%A4rkfalk,102943,https://artportalen.se/TodaysSightings/Observerad/Alla%20arter/102943,https://artfakta.se/artbestamning/taxon/102943
173,Knölsvan,Q25402,https://sv.wikipedia.org/wiki/Kn%C3%B6lsvan,102927,https://artportalen.se/TodaysSightings/Observerad/Alla%20arter/102927,https://artfakta.se/artbestamning/taxon/102927
174,Brun kärrhök,Q26431,https://sv.wikipedia.org/wiki/Brun%20k%C3%A4rrh%C3%B6k,100033,https://artportalen.se/TodaysSightings/Observerad/Alla%20arter/100033,https://artfakta.se/artbestamning/taxon/100033
175,Dvärgbeckasin,Q26711,https://sv.wikipedia.org/wiki/Dv%C3%A4rgbeckasin,100078,https://artportalen.se/TodaysSightings/Observerad/Alla%20arter/100078,https://artfakta.se/artbestamning/taxon/100078
176,Mindre lira,Q208405,https://sv.wikipedia.org/wiki/Mindre%20lira,205483,https://artportalen.se/TodaysSightings/Observerad/Alla%20arter/205483,https://artfakta.se/artbestamning/taxon/205483
177,Sidensvans,Q26135,https://sv.wikipedia.org/wiki/Sidensvans,102121,https://artportalen.se/TodaysSightings/Observerad/Alla%20arter/102121,https://artfakta.se/artbestamning/taxon/102121
178,Tjäder,Q129059,https://sv.wikipedia.org/wiki/Tj%C3%A4der,100138,https://artportalen.se/TodaysSightings/Observerad/Alla%20arter/100138,https://artfakta.se/artbestamning/taxon/100138
179,Korttålärka,Q24843,https://sv.wikipedia.org/wiki/Kortt%C3%A5l%C3%A4rka,103072,https://artportalen.se/TodaysSightings/Observerad/Alla%20arter/103072,https://artfakta.se/artbestamning/taxon/103072
180,Större piplärka,Q904790,https://sv.wikipedia.org/wiki/St%C3%B6rre%20pipl%C3%A4rka,205750,https://artportalen.se/TodaysSightings/Observerad/Alla%20arter/205750,https://artfakta.se/artbestamning/taxon/205750
181,Finkar,Q160835,https://sv.wikipedia.org/wiki/Finkar,2002121,https://artportalen.se/TodaysSightings/Observerad/Alla%20arter/2002121,https://artfakta.se/artbestamning/taxon/2002121
182,Grå flugsnappare,Q26607,https://sv.wikipedia.org/wiki/Gr%C3%A5%20flugsnappare,103017,https://artportalen.se/TodaysSightings/Observerad/Alla%20arter/103017,https://artfakta.se/artbestamning/taxon/103017
183,Stäpphök,Q230837,https://sv.wikipedia.org/wiki/St%C3%A4pph%C3%B6k,205543,https://artportalen.se/TodaysSightings/Observerad/Alla%20arter/205543,https://artfakta.se/artbestamning/taxon/205543
185,Lunnefågel,Q26685,https://sv.wikipedia.org/wiki/Lunnef%C3%A5gel,100059,https://artportalen.se/TodaysSightings/Observerad/Alla%20arter/100059,https://artfakta.se/artbestamning/taxon/100059
186,Berglärka,Q207249,https://sv.wikipedia.org/wiki/Bergl%C3%A4rka,100052,https://artportalen.se/TodaysSightings/Observerad/Alla%20arter/100052,https://artfakta.se/artbestamning/taxon/100052
187,Taltrast,Q26349,https://sv.wikipedia.org/wiki/Taltrast,103000,https://artportalen.se/TodaysSightings/Observerad/Alla%20arter/103000,https://artfakta.se/artbestamning/taxon/103000
188,Gluttsnäppa,Q18840,https://sv.wikipedia.org/wiki/Gluttsn%C3%A4ppa,102959,https://artportalen.se/TodaysSightings/Observerad/Alla%20arter/102959,https://artfakta.se/artbestamning/taxon/102959
189,Myrspov,Q18864,https://sv.wikipedia.org/wiki/Myrspov,100075,https://artportalen.se/TodaysSightings/Observerad/Alla%20arter/100075,https://artfakta.se/artbestamning/taxon/100075
190,Svarthalsad dopping,Q185183,https://sv.wikipedia.org/wiki/Svarthalsad%20dopping,100115,https://artportalen.se/TodaysSightings/Observerad/Alla%20arter/100115,https://artfakta.se/artbestamning/taxon/100115
191,Sandlöpare,Q58958,https://sv.wikipedia.org/wiki/Sandl%C3%B6pare,205607,https://artportalen.se/TodaysSightings/Observerad/Alla%20arter/205607,https://artfakta.se/artbestamning/taxon/205607
192,Ljungpipare,Q21148,https://sv.wikipedia.org/wiki/Ljungpipare,100112,https://artportalen.se/TodaysSightings/Observerad/Alla%20arter/100112,https://artfakta.se/artbestamning/taxon/100112
193,Stenskvätta,Q26420,https://sv.wikipedia.org/wiki/Stenskv%C3%A4tta,102996,https://artportalen.se/TodaysSightings/Observerad/Alla%20arter/102996,https://artfakta.se/artbestamning/taxon/102996
195,Aftonfalk,Q179625,https://sv.wikipedia.org/wiki/Aftonfalk,103062,https://artportalen.se/TodaysSightings/Observerad/Alla%20arter/103062,https://artfakta.se/artbestamning/taxon/103062
196,Spillkråka,Q143284,https://sv.wikipedia.org/wiki/Spillkr%C3%A5ka,100049,https://artportalen.se/TodaysSightings/Observerad/Alla%20arter/100049,https://artfakta.se/artbestamning/taxon/100049
197,Storskrake,Q180991,https://sv.wikipedia.org/wiki/Storskrake,102940,https://artportalen.se/TodaysSightings/Observerad/Alla%20arter/102940,https://artfakta.se/artbestamning/taxon/102940
198,Varfågel,Q184508,https://sv.wikipedia.org/wiki/Varf%C3%A5gel,103029,https://artportalen.se/TodaysSightings/Observerad/Alla%20arter/103029,https://artfakta.se/artbestamning/taxon/103029
199,Gransångare,Q185784,https://sv.wikipedia.org/wiki/Grans%C3%A5ngare,103013,https://artportalen.se/TodaysSightings/Observerad/Alla%20arter/103013,https://artfakta.se/artbestamning/taxon/103013
200,Småspov,Q18858,https://sv.wikipedia.org/wiki/Sm%C3%A5spov,102956,https://artportalen.se/TodaysSightings/Observerad/Alla%20arter/102956,https://artfakta.se/artbestamning/taxon/102956
201,Svart rödstjärt,Q26755,https://sv.wikipedia.org/wiki/Svart%20r%C3%B6dstj%C3%A4rt,102993,https://artportalen.se/TodaysSightings/Observerad/Alla%20arter/102993,https://artfakta.se/artbestamning/taxon/102993
202,Snösparv,Q26416,https://sv.wikipedia.org/wiki/Sn%C3%B6sparv,103054,https://artportalen.se/TodaysSightings/Observerad/Alla%20arter/103054,https://artfakta.se/artbestamning/taxon/103054
203,Klykstjärtad stormsvala,Q211986,https://sv.wikipedia.org/wiki/Klykstj%C3%A4rtad%20stormsvala,205486,https://artportalen.se/TodaysSightings/Observerad/Alla%20arter/205486,https://artfakta.se/artbestamning/taxon/205486
204,Tornfalk,Q26490,https://sv.wikipedia.org/wiki/Tornfalk,100056,https://artportalen.se/TodaysSightings/Observerad/Alla%20arter/100056,https://artfakta.se/artbestamning/taxon/100056
205,Storlom,Q184432,https://sv.wikipedia.org/wiki/Storlom,100062,https://artportalen.se/TodaysSightings/Observerad/Alla%20arter/100062,https://artfakta.se/artbestamning/taxon/100062
206,Stormfågel,Q26896,https://sv.wikipedia.org/wiki/Stormf%C3%A5gel,205479,https://artportalen.se/TodaysSightings/Observerad/Alla%20arter/205479,https://artfakta.se/artbestamning/taxon/205479
207,Ladusvala,Q25429,https://sv.wikipedia.org/wiki/Ladusvala,102980,https://artportalen.se/TodaysSightings/Observerad/Alla%20arter/102980,https://artfakta.se/artbestamning/taxon/102980
208,Vattenpiplärka,Q208707,https://sv.wikipedia.org/wiki/Vattenpipl%C3%A4rka,205759,https://artportalen.se/TodaysSightings/Observerad/Alla%20arter/205759,https://artfakta.se/artbestamning/taxon/205759
209,Tofsmes,Q207831,https://sv.wikipedia.org/wiki/Tofsmes,103023,https://artportalen.se/TodaysSightings/Observerad/Alla%20arter/103023,https://artfakta.se/artbestamning/taxon/103023
211,Gråhäger,Q25273,https://sv.wikipedia.org/wiki/Gr%C3%A5h%C3%A4ger,100012,https://artportalen.se/TodaysSightings/Observerad/Alla%20arter/100012,https://artfakta.se/artbestamning/taxon/100012
212,Koltrast,Q25234,https://sv.wikipedia.org/wiki/Koltrast,102998,https://artportalen.se/TodaysSightings/Observerad/Alla%20arter/102998,https://artfakta.se/artbestamning/taxon/102998
213,Silvertärna,Q26800,https://sv.wikipedia.org/wiki/Silvert%C3%A4rna,102619,https://artportalen.se/TodaysSightings/Observerad/Alla%20arter/102619,https://artfakta.se/artbestamning/taxon/102619
214,Tajgablåstjärt,Q129219,https://sv.wikipedia.org/wiki/Tajgabl%C3%A5stj%C3%A4rt,103074,https://artportalen.se/TodaysSightings/Observerad/Alla%20arter/103074,https://artfakta.se/artbestamning/taxon/103074
215,Rosenstare,Q20823352,https://sv.wikipedia.org/wiki/Rosenstare,205887,https://artportalen.se/TodaysSightings/Observerad/Alla%20arter/205887,https://artfakta.se/artbestamning/taxon/205887
216,Alkekung,Q26470,https://sv.wikipedia.org/wiki/Alkekung,205685,https://artportalen.se/TodaysSightings/Observerad/Alla%20arter/205685,https://artfakta.se/artbestamning/taxon/205685
217,Mindre strandpipare,Q18851,https://sv.wikipedia.org/wiki/Mindre%20strandpipare,100028,https://artportalen.se/TodaysSightings/Observerad/Alla%20arter/100028,https://artfakta.se/artbestamning/taxon/100028
218,Enkelbeckasin,Q25692,https://sv.wikipedia.org/wiki/Enkelbeckasin,102954,https://artportalen.se/TodaysSightings/Observerad/Alla%20arter/102954,https://artfakta.se/artbestamning/taxon/102954
219,Hökuggla,Q193192,https://sv.wikipedia.org/wiki/H%C3%B6kuggla,102620,https://artportalen.se/TodaysSightings/Observerad/Alla%20arter/102620,https://artfakta.se/artbestamning/taxon/102620
220,Gråspett,Q201106,https://sv.wikipedia.org/wiki/Gr%C3%A5spett,100110,https://artportalen.se/TodaysSightings/Observerad/Alla%20arter/100110,https://artfakta.se/artbestamning/taxon/100110
221,Turturduva,Q168514,https://sv.wikipedia.org/wiki/Turturduva,103069,https://artportalen.se/TodaysSightings/Observerad/Alla%20arter/103069,https://artfakta.se/artbestamning/taxon/103069
222,Blåkråka,Q179367,https://sv.wikipedia.org/wiki/Bl%C3%A5kr%C3%A5ka,100039,https://artportalen.se/TodaysSightings/Observerad/Alla%20arter/100039,https://artfakta.se/artbestamning/taxon/100039
223,Flodsångare,Q747787,https://sv.wikipedia.org/wiki/Flods%C3%A5ngare,102122,https://artportalen.se/TodaysSightings/Observerad/Alla%20arter/102122,https://artfakta.se/artbestamning/taxon/102122
224,Skräntärna,Q27129,https://sv.wikipedia.org/wiki/Skr%C3%A4nt%C3%A4rna,100134,https://artportalen.se/TodaysSightings/Observerad/Alla%20arter/100134,https://artfakta.se/artbestamning/taxon/100134
227,Tärnor,Q875769,https://sv.wikipedia.org/wiki/T%C3%A4rnor,2002084,https://artportalen.se/TodaysSightings/Observerad/Alla%20arter/2002084,https://artfakta.se/artbestamning/taxon/2002084
228,Labbar,Q205323,https://sv.wikipedia.org/wiki/Labbar,2002082,https://artportalen.se/TodaysSightings/Observerad/Alla%20arter/2002082,https://artfakta.se/artbestamning/taxon/2002082
229,Kråkfåglar,Q25565,https://sv.wikipedia.org/wiki/Kr%C3%A5kf%C3%A5glar,2002118,https://artportalen.se/TodaysSightings/Observerad/Alla%20arter/2002118,https://artfakta.se/artbestamning/taxon/2002118
230,Ormvråk,Q25385,https://sv.wikipedia.org/wiki/Ormvr%C3%A5k,102942,https://artportalen.se/TodaysSightings/Observerad/Alla%20arter/102942,https://artfakta.se/artbestamning/taxon/102942
231,Tuvsnäppa,Q260716,https://sv.wikipedia.org/wiki/Tuvsn%C3%A4ppa,205613,https://artportalen.se/TodaysSightings/Observerad/Alla%20arter/205613,https://artfakta.se/artbestamning/taxon/205613
232,Spovsnäppa,Q62345,https://sv.wikipedia.org/wiki/Spovsn%C3%A4ppa,205615,https://artportalen.se/TodaysSightings/Observerad/Alla%20arter/205615,https://artfakta.se/artbestamning/taxon/205615
233,Ägretthäger,Q130730,https://sv.wikipedia.org/wiki/%C3%84gretth%C3%A4ger,205497,https://artportalen.se/TodaysSightings/Observerad/Alla%20arter/205497,https://artfakta.se/artbestamning/taxon/205497
235,Vittrut,Q27375,https://sv.wikipedia.org/wiki/Vittrut,205665,https://artportalen.se/TodaysSightings/Observerad/Alla%20arter/205665,https://artfakta.se/artbestamning/taxon/205665
236,Småfläckig sumphöna,Q194024,https://sv.wikipedia.org/wiki/Sm%C3%A5fl%C3%A4ckig%20sumph%C3%B6na,100116,https://artportalen.se/TodaysSightings/Observerad/Alla%20arter/100116,https://artfakta.se/artbestamning/taxon/100116
237,Turkduva,Q54696,https://sv.wikipedia.org/wiki/Turkduva,102972,https://artportalen.se/TodaysSightings/Observerad/Alla%20arter/102972,https://artfakta.se/artbestamning/taxon/102972
238,Vaktel,Q28358,https://sv.wikipedia.org/wiki/Vaktel,100043,https://artportalen.se/TodaysSightings/Observerad/Alla%20arter/100043,https://artfakta.se/artbestamning/taxon/100043
239,Bläsgås,Q172093,https://sv.wikipedia.org/wiki/Bl%C3%A4sg%C3%A5s,103058,https://artportalen.se/TodaysSightings/Observerad/Alla%20arter/103058,https://artfakta.se/artbestamning/taxon/103058
240,Mindre flugsnappare,Q241499,https://sv.wikipedia.org/wiki/Mindre%20flugsnappare,100058,https://artportalen.se/TodaysSightings/Observerad/Alla%20arter/100058,https://artfakta.se/artbestamning/taxon/100058
241,Törnskata,Q26671,https://sv.wikipedia.org/wiki/T%C3%B6rnskata,102626,https://artportalen.se/TodaysSightings/Observerad/Alla%20arter/102626,https://artfakta.se/artbestamning/taxon/102626
242,Svart stork,Q25398,https://sv.wikipedia.org/wiki/Svart%20stork,100032,https://artportalen.se/TodaysSightings/Observerad/Alla%20arter/100032,https://artfakta.se/artbestamning/taxon/100032
243,Bändelkorsnäbb,Q331190,https://sv.wikipedia.org/wiki/B%C3%A4ndelkorsn%C3%A4bb,103048,https://artportalen.se/TodaysSightings/Observerad/Alla%20arter/103048,https://artfakta.se/artbestamning/taxon/103048
245,Blå kärrhök,Q25572,https://sv.wikipedia.org/wiki/Bl%C3%A5%20k%C3%A4rrh%C3%B6k,100034,https://artportalen.se/TodaysSightings/Observerad/Alla%20arter/100034,https://artfakta.se/artbestamning/taxon/100034
246,Rostand,Q170723,https://sv.wikipedia.org/wiki/Rostand,233138,https://artportalen.se/TodaysSightings/Observerad/Alla%20arter/233138,https://artfakta.se/artbestamning/taxon/233138
247,Sparvuggla,Q191155,https://sv.wikipedia.org/wiki/Sparvuggla,102621,https://artportalen.se/TodaysSightings/Observerad/Alla%20arter/102621,https://artfakta.se/artbestamning/taxon/102621
248,Dalripa,Q178702,https://sv.wikipedia.org/wiki/Dalripa,102944,https://artportalen.se/TodaysSightings/Observerad/Alla%20arter/102944,https://artfakta.se/artbestamning/taxon/102944
249,Dvärgmås,Q164467,https://sv.wikipedia.org/wiki/Dv%C3%A4rgm%C3%A5s,100072,https://artportalen.se/TodaysSightings/Observerad/Alla%20arter/100072,https://artfakta.se/artbestamning/taxon/100072
250,Ringduva,Q26026,https://sv.wikipedia.org/wiki/Ringduva,102971,https://artportalen.se/TodaysSightings/Observerad/Alla%20arter/102971,https://artfakta.se/artbestamning/taxon/102971
251,Gök,Q18845,https://sv.wikipedia.org/wiki/G%C3%B6k,102973,https://artportalen.se/TodaysSightings/Observerad/Alla%20arter/102973,https://artfakta.se/artbestamning/taxon/102973
252,Tofslärka,Q26982,https://sv.wikipedia.org/wiki/Tofsl%C3%A4rka,100060,https://artportalen.se/TodaysSightings/Observerad/Alla%20arter/100060,https://artfakta.se/artbestamning/taxon/100060
253,Skärfläcka,Q26147,https://sv.wikipedia.org/wiki/Sk%C3%A4rfl%C3%A4cka,100122,https://artportalen.se/TodaysSightings/Observerad/Alla%20arter/100122,https://artfakta.se/artbestamning/taxon/100122
254,Kustlabb,Q203053,https://sv.wikipedia.org/wiki/Kustlabb,100132,https://artportalen.se/TodaysSightings/Observerad/Alla%20arter/100132,https://artfakta.se/artbestamning/taxon/100132
255,Vitvingad tärna,Q241753,https://sv.wikipedia.org/wiki/Vitvingad%20t%C3%A4rna,103068,https://artportalen.se/TodaysSightings/Observerad/Alla%20arter/103068,https://artfakta.se/artbestamning/taxon/103068
256,Vattenrall,Q185099,https://sv.wikipedia.org/wiki/Vattenrall,102947,https://artportalen.se/TodaysSightings/Observerad/Alla%20arter/102947,https://artfakta.se/artbestamning/taxon/102947
257,Morkulla,Q26114,https://sv.wikipedia.org/wiki/Morkulla,102955,https://artportalen.se/TodaysSightings/Observerad/Alla%20arter/102955,https://artfakta.se/artbestamning/taxon/102955
258,Kärrsnäppa,Q26650,https://sv.wikipedia.org/wiki/K%C3%A4rrsn%C3%A4ppa,205617,https://artportalen.se/TodaysSightings/Observerad/Alla%20arter/205617,https://artfakta.se/artbestamning/taxon/205617
259,Mosnäppa,Q58921,https://sv.wikipedia.org/wiki/Mosn%C3%A4ppa,102112,https://artportalen.se/TodaysSightings/Observerad/Alla%20arter/102112,https://artfakta.se/artbestamning/taxon/102112
260,Fjällabb,Q216921,https://sv.wikipedia.org/wiki/Fj%C3%A4llabb,102962,https://artportalen.se/TodaysSightings/Observerad/Alla%20arter/102962,https://artfakta.se/artbestamning/taxon/102962
261,Storskarv,Q25440,https://sv.wikipedia.org/wiki/Storskarv,100102,https://artportalen.se/TodaysSightings/Observerad/Alla%20arter/100102,https://artfakta.se/artbestamning/taxon/100102
262,Fasan,Q25432,https://sv.wikipedia.org/wiki/Fasan,102946,https://artportalen.se/TodaysSightings/Observerad/Alla%20arter/102946,https://artfakta.se/artbestamning/taxon/102946
263,Brunsångare,Q368505,https://sv.wikipedia.org/wiki/Bruns%C3%A5ngare,205838,https://artportalen.se/TodaysSightings/Observerad/Alla%20arter/205838,https://artfakta.se/artbestamning/taxon/205838
264,Trädgårdsträdkrypare,Q125895,https://sv.wikipedia.org/wiki/Tr%C3%A4dg%C3%A5rdstr%C3%A4dkrypare,205866,https://artportalen.se/TodaysSightings/Observerad/Alla%20arter/205866,https://artfakta.se/artbestamning/taxon/205866
265,Citronärla,Q206540,https://sv.wikipedia.org/wiki/Citron%C3%A4rla,103073,https://artportalen.se/TodaysSightings/Observerad/Alla%20arter/103073,https://artfakta.se/artbestamning/taxon/103073
266,Kärrsångare,Q210422,https://sv.wikipedia.org/wiki/K%C3%A4rrs%C3%A5ngare,103005,https://artportalen.se/TodaysSightings/Observerad/Alla%20arter/103005,https://artfakta.se/artbestamning/taxon/103005
267,Törnsångare,Q26974,https://sv.wikipedia.org/wiki/T%C3%B6rns%C3%A5ngare,103009,https://artportalen.se/TodaysSightings/Observerad/Alla%20arter/103009,https://artfakta.se/artbestamning/taxon/103009
268,Bergfink,Q188877,https://sv.wikipedia.org/wiki/Bergfink,103041,https://artportalen.se/TodaysSightings/Observerad/Alla%20arter/103041,https://artfakta.se/artbestamning/taxon/103041
269,Brednäbbad simsnäppa,Q208335,https://sv.wikipedia.org/wiki/Bredn%C3%A4bbad%20simsn%C3%A4ppa,205647,https://artportalen.se/TodaysSightings/Observerad/Alla%20arter/205647,https://artfakta.se/artbestamning/taxon/205647
270,Trädkrypare,Q193593,https://sv.wikipedia.org/wiki/Tr%C3%A4dkrypare,103028,https://artportalen.se/TodaysSightings/Observerad/Alla%20arter/103028,https://artfakta.se/artbestamning/taxon/103028
271,Gärdsmyg,Q25740,https://sv.wikipedia.org/wiki/G%C3%A4rdsmyg,102989,https://artportalen.se/TodaysSightings/Observerad/Alla%20arter/102989,https://artfakta.se/artbestamning/taxon/102989
272,Svartpannad törnskata,Q239393,https://sv.wikipedia.org/wiki/Svartpannad%20t%C3%B6rnskata,205872,https://artportalen.se/TodaysSightings/Observerad/Alla%20arter/205872,https://artfakta.se/artbestamning/taxon/205872
273,Måsar och trutar,Q2699803,https://sv.wikipedia.org/wiki/M%C3%A5sar%20och%20trutar,6006098,https://artportalen.se/TodaysSightings/Observerad/Alla%20arter/6006098,https://artfakta.se/artbestamning/taxon/6006098
274,Nilgås,Q274179,https://sv.wikipedia.org/wiki/Nilg%C3%A5s,233179,https://artportalen.se/TodaysSightings/Observerad/Alla%20arter/233179,https://artfakta.se/artbestamning/taxon/233179
275,Grönbena,Q18837,https://sv.wikipedia.org/wiki/Gr%C3%B6nbena,102616,https://artportalen.se/TodaysSightings/Observerad/Alla%20arter/102616,https://artfakta.se/artbestamning/taxon/102616
276,Stare,Q25469,https://sv.wikipedia.org/wiki/Stare,103037,https://artportalen.se/TodaysSightings/Observerad/Alla%20arter/103037,https://artfakta.se/artbestamning/taxon/103037
277,Skogsduva,Q26140,https://sv.wikipedia.org/wiki/Skogsduva,100038,https://artportalen.se/TodaysSightings/Observerad/Alla%20arter/100038,https://artfakta.se/artbestamning/taxon/100038
278,Härfågel,Q25247,https://sv.wikipedia.org/wiki/H%C3%A4rf%C3%A5gel,100143,https://artportalen.se/TodaysSightings/Observerad/Alla%20arter/100143,https://artfakta.se/artbestamning/taxon/100143
279,Kustpipare,Q18835,https://sv.wikipedia.org/wiki/Kustpipare,103064,https://artportalen.se/TodaysSightings/Observerad/Alla%20arter/103064,https://artfakta.se/artbestamning/taxon/103064
280,Hussvala,Q26055,https://sv.wikipedia.org/wiki/Hussvala,102981,https://artportalen.se/TodaysSightings/Observerad/Alla%20arter/102981,https://artfakta.se/artbestamning/taxon/102981
281,Vitvingad trut,Q174232,https://sv.wikipedia.org/wiki/Vitvingad%20trut,205664,https://artportalen.se/TodaysSightings/Observerad/Alla%20arter/205664,https://artfakta.se/artbestamning/taxon/205664
282,Ugglefåglar,Q25222,https://sv.wikipedia.org/wiki/Ugglef%C3%A5glar,3000288,https://artportalen.se/TodaysSightings/Observerad/Alla%20arter/3000288,https://artfakta.se/artbestamning/taxon/3000288
283,Mindre hackspett,Q184518,https://sv.wikipedia.org/wiki/Mindre%20hackspett,100048,https://artportalen.se/TodaysSightings/Observerad/Alla%20arter/100048,https://artfakta.se/artbestamning/taxon/100048
284,Svartnäbbad islom,Q190342,https://sv.wikipedia.org/wiki/Svartn%C3%A4bbad%20islom,233142,https://artportalen.se/TodaysSightings/Observerad/Alla%20arter/233142,https://artfakta.se/artbestamning/taxon/233142
285,Rödhuvad dykand,Q244350,https://sv.wikipedia.org/wiki/R%C3%B6dhuvad%20dykand,233137,https://artportalen.se/TodaysSightings/Observerad/Alla%20arter/233137,https://artfakta.se/artbestamning/taxon/233137
286,Gräshoppsångare,Q208710,https://sv.wikipedia.org/wiki/Gr%C3%A4shopps%C3%A5ngare,103003,https://artportalen.se/TodaysSightings/Observerad/Alla%20arter/103003,https://artfakta.se/artbestamning/taxon/103003
287,Mindre sumphöna,Q270680,https://sv.wikipedia.org/wiki/Mindre%20sumph%C3%B6na,103063,https://artportalen.se/TodaysSightings/Observerad/Alla%20arter/103063,https://artfakta.se/artbestamning/taxon/103063
288,Snösiska,Q391412,https://sv.wikipedia.org/wiki/Sn%C3%B6siska,103047,https://artportalen.se/TodaysSightings/Observerad/Alla%20arter/103047,https://artfakta.se/artbestamning/taxon/103047
289,Svartkråka,Q26198,https://sv.wikipedia.org/wiki/Svartkr%C3%A5ka,103035,https://artportalen.se/TodaysSightings/Observerad/Alla%20arter/103035,https://artfakta.se/artbestamning/taxon/103035
290,Mindre korsnäbb,Q26552,https://sv.wikipedia.org/wiki/Mindre%20korsn%C3%A4bb,103049,https://artportalen.se/TodaysSightings/Observerad/Alla%20arter/103049,https://artfakta.se/artbestamning/taxon/103049
291,Biätare,Q170718,https://sv.wikipedia.org/wiki/Bi%C3%A4tare,103071,https://artportalen.se/TodaysSightings/Observerad/Alla%20arter/103071,https://artfakta.se/artbestamning/taxon/103071
292,Sillgrissla,Q21062,https://sv.wikipedia.org/wiki/Sillgrissla,100144,https://artportalen.se/TodaysSightings/Observerad/Alla%20arter/100144,https://artfakta.se/artbestamning/taxon/100144
293,Svarthalsad trast,Q80780,https://sv.wikipedia.org/wiki/Svarthalsad%20trast,205960,https://artportalen.se/TodaysSightings/Observerad/Alla%20arter/205960,https://artfakta.se/artbestamning/taxon/205960
294,Stenknäck,Q174088,https://sv.wikipedia.org/wiki/Stenkn%C3%A4ck,100037,https://artportalen.se/TodaysSightings/Observerad/Alla%20arter/100037,https://artfakta.se/artbestamning/taxon/100037
295,Dubbeltrast,Q178942,https://sv.wikipedia.org/wiki/Dubbeltrast,103002,https://artportalen.se/TodaysSightings/Observerad/Alla%20arter/103002,https://artfakta.se/artbestamning/taxon/103002
296,Större korsnäbb,Q645055,https://sv.wikipedia.org/wiki/St%C3%B6rre%20korsn%C3%A4bb,103050,https://artportalen.se/TodaysSightings/Observerad/Alla%20arter/103050,https://artfakta.se/artbestamning/taxon/103050
297,Ringtrast,Q26641,https://sv.wikipedia.org/wiki/Ringtrast,102997,https://artportalen.se/TodaysSightings/Observerad/Alla%20arter/102997,https://artfakta.se/artbestamning/taxon/102997
298,Strömstare,Q201831,https://sv.wikipedia.org/wiki/Str%C3%B6mstare,102988,https://artportalen.se/TodaysSightings/Observerad/Alla%20arter/102988,https://artfakta.se/artbestamning/taxon/102988
299,Trädpiplärka,Q143313,https://sv.wikipedia.org/wiki/Tr%C3%A4dpipl%C3%A4rka,102982,https://artportalen.se/TodaysSightings/Observerad/Alla%20arter/102982,https://artfakta.se/artbestamning/taxon/102982
300,Järnsparv,Q26698,https://sv.wikipedia.org/wiki/J%C3%A4rnsparv,102990,https://artportalen.se/TodaysSightings/Observerad/Alla%20arter/102990,https://artfakta.se/artbestamning/taxon/102990
301,Buskskvätta,Q155869,https://sv.wikipedia.org/wiki/Buskskv%C3%A4tta,102995,https://artportalen.se/TodaysSightings/Observerad/Alla%20arter/102995,https://artfakta.se/artbestamning/taxon/102995
302,Trädgårdssångare,Q202478,https://sv.wikipedia.org/wiki/Tr%C3%A4dg%C3%A5rdss%C3%A5ngare,103010,https://artportalen.se/TodaysSightings/Observerad/Alla%20arter/103010,https://artfakta.se/artbestamning/taxon/103010
303,Sävsångare,Q27236,https://sv.wikipedia.org/wiki/S%C3%A4vs%C3%A5ngare,103004,https://artportalen.se/TodaysSightings/Observerad/Alla%20arter/103004,https://artfakta.se/artbestamning/taxon/103004
304,Trädlärka,Q26969,https://sv.wikipedia.org/wiki/Tr%C3%A4dl%C3%A4rka,102623,https://artportalen.se/TodaysSightings/Observerad/Alla%20arter/102623,https://artfakta.se/artbestamning/taxon/102623
305,Vitnäbbad islom,Q208328,https://sv.wikipedia.org/wiki/Vitn%C3%A4bbad%20islom,233143,https://artportalen.se/TodaysSightings/Observerad/Alla%20arter/233143,https://artfakta.se/artbestamning/taxon/233143
306,Stjärtmes,Q170831,https://sv.wikipedia.org/wiki/Stj%C3%A4rtmes,103019,https://artportalen.se/TodaysSightings/Observerad/Alla%20arter/103019,https://artfakta.se/artbestamning/taxon/103019
307,Skärpiplärka,Q642685,https://sv.wikipedia.org/wiki/Sk%C3%A4rpipl%C3%A4rka,102984,https://artportalen.se/TodaysSightings/Observerad/Alla%20arter/102984,https://artfakta.se/artbestamning/taxon/102984
308,Fisktärna,Q18875,https://sv.wikipedia.org/wiki/Fiskt%C3%A4rna,102618,https://artportalen.se/TodaysSightings/Observerad/Alla%20arter/102618,https://artfakta.se/artbestamning/taxon/102618
309,Amerikansk kricka,Q704074,https://sv.wikipedia.org/wiki/Amerikansk%20kricka,205518,https://artportalen.se/TodaysSightings/Observerad/Alla%20arter/205518,https://artfakta.se/artbestamning/taxon/205518
310,Hökfåglar,Q21736,https://sv.wikipedia.org/wiki/H%C3%B6kf%C3%A5glar,3000280,https://artportalen.se/TodaysSightings/Observerad/Alla%20arter/3000280,https://artfakta.se/artbestamning/taxon/3000280
312,Råka,Q25386,https://sv.wikipedia.org/wiki/R%C3%A5ka,103034,https://artportalen.se/TodaysSightings/Observerad/Alla%20arter/103034,https://artfakta.se/artbestamning/taxon/103034
